Hours,Score,Negative Tweets
00,0.08636363636363636,0
01,-0.07142857142857142,8
03,-0.05357142857142857,18
04,0.0,0
05,0.2,0
15,0.0,0
17,-0.4,2
22,0.3,0
